{
  "project_info": {
    "project_number": "83319004888",
    "project_id": "track-my-shoes",
    "storage_bucket": "track-my-shoes.appspot.com"
  },
  "client": [
    {
      "client_info": {
        "mobilesdk_app_id": "1:83319004888:android:08efd486e550112ec681ad",
        "android_client_info": {
          "package_name": "com.andresnav.trackmyshoes"
        }
      },
      "oauth_client": [
        {
          "client_id": "83319004888-i0g78cj23bo8b5mfagoulkntqkj3ivbe.apps.googleusercontent.com",
          "client_type": 3
        }
      ],
      "api_key": [
        {
          "current_key": "AIzaSyD7FmLp6rGhuUs2-TWaIcP-254F6kSyHP0"
        }
      ],
      "services": {
        "appinvite_service": {
          "other_platform_oauth_client": [
            {
              "client_id": "83319004888-i0g78cj23bo8b5mfagoulkntqkj3ivbe.apps.googleusercontent.com",
              "client_type": 3
            }
          ]
        }
      }
    }
  ],
  "configuration_version": "1"
}